Заголовок,Цена,Местоположение,URL
Готовий бізнес! Мийка самообслуговування luxWash,40 600 грн.,Східниця - 22 червня 2024 р.,https://www.olx.ua/d/uk/obyavlenie/gotoviy-bznes-miyka-samoobslugovuvannya-luxwash-IDWkHXK.html
Готовий бізнес Продам Кав'ярню самообслуговування v12,162 401 грн.,"Харків, Індустріальний - 23 червня 2024 р.",https://www.olx.ua/d/uk/obyavlenie/gotoviy-bznes-prodam-kavyarnyu-samoobslugovuvannya-v12-IDWzX4A.html
Готовий бізнес заклад шаурми,"60 000 грн.
Договірна",Черкаси - Сьогодні о 17:35,https://www.olx.ua/d/uk/obyavlenie/gotoviy-bznes-zaklad-shaurmi-IDWB8Pp.html
Готовий бізнес в Instagram,30 450 грн.,Рівне - Сьогодні о 13:49,https://www.olx.ua/d/uk/obyavlenie/gotoviy-bznes-v-instagram-IDUwN1P.html
"Продаж бізнесу, магазин мобільних телефонів",200 000 грн.,Обухів - 23 червня 2024 р.,https://www.olx.ua/d/uk/obyavlenie/prodazh-bznesu-magazin-moblnih-telefonv-IDUJ2Ep.html
"Кавові апарати, вендинговий пасивний бізнес",345 103 грн.,Городок - Сьогодні о 15:47,https://www.olx.ua/d/uk/obyavlenie/kavov-aparati-vendingoviy-pasivniy-bznes-IDWoQoe.html
"Діючий готовий бізнес. Оголошуємо про продаж ""Української Малярної Ком",609 005 грн.,Івано-Франківськ - Сьогодні о 17:12,https://www.olx.ua/d/uk/obyavlenie/dyuchiy-gotoviy-bznes-ogoloshumo-pro-prodazh-ukransko-malyarno-kom-IDWk2VG.html
Терміново продається готова кав‘ярня. Бізнес.,"56 840 грн.
Договірна",Рівне - 08 червня 2024 р.,https://www.olx.ua/d/uk/obyavlenie/termnovo-prodatsya-gotova-kavyarnya-bznes-IDQ6D1n.html
"Продам готовий бізнес - готель PogarInn, Карпати Славське, гора Погар","35 322 261 грн.
Договірна",,https://www.olx.ua/d/uk/obyavlenie/prodam-gotoviy-bznes-gotel-pogarinn-karpati-slavske-gora-pogar-IDWB6Ef.html
Готовий бізнес кавʼярня Ірпінь,119 771 грн.,Ірпінь - Сьогодні о 10:16,https://www.olx.ua/d/uk/obyavlenie/gotoviy-bznes-kavyarnya-rpn-IDWx1N9.html
Продам готовий діючий бізнес кавʼярня,"121 801 грн.
Договірна",Вишневе - 21 червня 2024 р.,https://www.olx.ua/d/uk/obyavlenie/prodam-gotoviy-dyuchiy-bznes-kavyarnya-IDWnGrN.html
Продам діючий бізнес,50 000 грн.,Кам'янець-Подільський - 18 червня 2024 р.,https://www.olx.ua/d/uk/obyavlenie/prodam-dyuchiy-bznes-IDWyiUS.html
Продаю кавʼярню на Подолі (готовий бізнес),588 216 грн.,"Київ, Подільський - 22 червня 2024 р.",https://www.olx.ua/d/uk/obyavlenie/prodayu-kavyarnyu-na-podol-gotoviy-bznes-IDWjqBk.html
Готовий бізнес! Мийка самообслуговування luxWash,40 600 грн.,Східниця - 22 червня 2024 р.,https://www.olx.ua/d/uk/obyavlenie/gotoviy-bznes-miyka-samoobslugovuvannya-luxwash-IDWkHXK.html
"Продам бизнес по изготовлению камня, кирпича и тротуарной плитки",194 881 грн.,Білгород-Дністровський - 23 червня 2024 р.,https://www.olx.ua/d/uk/obyavlenie/prodam-biznes-po-izgotovleniyu-kamnya-kirpicha-i-trotuarnoy-plitki-IDFkYbP.html
Продаж бізнесу. Продається розплідник рослин з землею 62га,14 210 105 грн.,Горобіївка - Сьогодні о 15:24,https://www.olx.ua/d/uk/obyavlenie/prodazh-bznesu-prodatsya-rozpldnik-roslin-z-zemleyu-62ga-IDWrYaV.html
Кав'ярня . Готовий Бізнес. Дегтярівська 8а. Метро Лук'янівка 5 хвилин.,45 000 грн.,"Київ, Шевченківський - Сьогодні о 12:41",https://www.olx.ua/d/uk/obyavlenie/kavyarnya-gotoviy-bznes-degtyarvska-8a-metro-lukyanvka-5-hvilin-IDWmhkx.html
"Продам кавярню,вагончик,маф,бізнес!",166 461 грн.,Рівне - 22 червня 2024 р.,https://www.olx.ua/d/uk/obyavlenie/prodam-kavyarnyu-vagonchik-maf-bznes-IDWxctr.html
Продажа Аграрного бізнесу,"7 000 000 грн.
Договірна",Борщів - Сьогодні о 10:06,https://www.olx.ua/d/uk/obyavlenie/prodazha-agrarnogo-bznesu-IDWAUMW.html
"Вішаки, вішак, плечики, тремпеля, плечік б/у торгове обладнання бізнес",4 грн.,Тетіїв - 09 червня 2024 р.,https://www.olx.ua/d/uk/obyavlenie/vshaki-vshak-plechiki-trempelya-plechk-b-u-torgove-obladnannya-bznes-IDW5CBf.html
Терміново! Готовий Бізнес ! Кав'ярня з Круасанами.,361 343 грн.,"Київ, Дніпровський - Сьогодні о 16:07",https://www.olx.ua/d/uk/obyavlenie/termnovo-gotoviy-bznes-kavyarnya-z-kruasanami-IDOuJtp.html
"Бизнес готовый Магазин Сантехники, сантехніки, бізнес готовий",426 303 грн.,"Київ, Шевченківський - Сьогодні о 13:05",https://www.olx.ua/d/uk/obyavlenie/biznes-gotovyy-magazin-santehniki-santehnki-bznes-gotoviy-IDWB0n2.html
"Хостел, продаж. Стабільний прибутковий бізнес.",243 602 грн.,"Львів, Галицький - 13 червня 2024 р.",https://www.olx.ua/d/uk/obyavlenie/hostel-prodazh-stablniy-pributkoviy-bznes-IDRakbz.html
Торгівельний причіп/ тока з продажу кави / готовий бізнес,205 000 грн.,Чернігів - 19 червня 2024 р.,https://www.olx.ua/d/uk/obyavlenie/torgvelniy-prichp-toka-z-prodazhu-kavi-gotoviy-bznes-IDWyMLy.html
"ДБЖ, Резервне незалежне живлення,автономне живлення для дому і бізнесу",65 000 грн.,"Київ, Деснянський - 27 травня 2024 р.",https://www.olx.ua/d/uk/obyavlenie/dbzh-rezervne-nezalezhne-zhivlennya-avtonomne-zhivlennya-dlya-domu-bznesu-IDTyCPF.html
Виробництво фудтраків для вашого бізнесу.,100 000 грн.,Горішні Плавні - Сьогодні о 12:24,https://www.olx.ua/d/uk/obyavlenie/virobnitstvo-fudtrakv-dlya-vashogo-bznesu-IDUZKaX.html
Продаж діючого бізнесу,1 421 011 грн.,Луцьк - 23 червня 2024 р.,https://www.olx.ua/d/uk/obyavlenie/prodazh-dyuchogo-bznesu-IDTan7O.html
Продам рабочий бизнес! Полнопрофельный цех деревопереработки!,"406 003 грн.
Договірна",,https://www.olx.ua/d/uk/obyavlenie/prodam-rabochiy-biznes-polnoprofelnyy-tseh-derevopererabotki-IDCLmgQ.html
Продам діючий бізнес кавярня терміново,182 701 грн.,Рівне - 18 червня 2024 р.,https://www.olx.ua/d/uk/obyavlenie/prodam-dyuchiy-bznes-kavyarnya-termnovo-IDWaQsg.html
Продам готовий бізнес,"65 000 грн.
Договірна",Чернігів - 13 червня 2024 р.,https://www.olx.ua/d/uk/obyavlenie/prodam-gotoviy-bznes-IDWwYol.html
"Р2Р схеми , крипта , бізнес",2 030 грн.,Ужгород - 28 травня 2024 р.,https://www.olx.ua/d/uk/obyavlenie/r2r-shemi-kripta-bznes-IDU0Hhw.html
Продам діючий бізнес,406 003 грн.,"Миколаїв, Iнгульський - 13 червня 2024 р.",https://www.olx.ua/d/uk/obyavlenie/prodam-dyuchiy-bznes-IDWv07Z.html
Продам готовий бізнес,2 395 418 грн.,"Вінниця, Ленінський - 23 червня 2024 р.",https://www.olx.ua/d/uk/obyavlenie/prodam-gotoviy-bznes-IDWyGPT.html
"Готовий бізнес,кавʼярня","70 000 грн.
Договірна",Полтава - 26 травня 2024 р.,https://www.olx.ua/d/uk/obyavlenie/gotoviy-bznes-kavyarnya-IDWo4n8.html
Стелажі для бізнесу та дому,1 500 грн.,Полтава - 20 червня 2024 р.,https://www.olx.ua/d/uk/obyavlenie/stelazh-dlya-bznesu-ta-domu-IDWzion.html
СРОЧНО !Готовий бізнес КАВʼЯРНЯ,"60 900 грн.
Договірна","Київ, Деснянський - 18 червня 2024 р.",https://www.olx.ua/d/uk/obyavlenie/srochno-gotoviy-bznes-kavyarnya-IDWykgM.html
Сімейна Пекарня діючий бізнес,588 704 грн.,"Київ, Оболонський - 16 червня 2024 р.",https://www.olx.ua/d/uk/obyavlenie/smeyna-pekarnya-dyuchiy-bznes-IDW2Uns.html
